{
  "metadata": {
    "timestamp": "2025-10-25T14:32:27.713623",
    "methodology": "Train/test split with logistic regression",
    "train_size": 104,
    "test_size": 105,
    "note": "Thresholds optimized on train set, metrics from held-out test set"
  },
  "test_set_metrics": {
    "accuracy": 0.44761904761904764,
    "true_positive_rate": 0.36486486486486486,
    "true_negative_rate": 0.6451612903225806,
    "false_positive_rate": 0.3548387096774194,
    "precision": 0.7105263157894737,
    "recall": 0.36486486486486486,
    "f1_score": 0.48214285714285715,
    "auc_roc": 0.6087619877942458,
    "confidence_interval_95": {
      "accuracy": [
        0.3525071057742851,
        0.5427309894638102
      ],
      "width": 0.09511194184476249
    }
  },
  "confusion_matrix": {
    "TP": 27,
    "TN": 20,
    "FP": 11,
    "FN": 47,
    "total": 105
  }
}